{
    "prepare_queue": {
        "installed": [],
        "uninstalled": []
    },
    "config_munge": {
        "files": {
            "res/xml/config.xml": {
                "parents": {
                    "/*": [
                        {
                            "xml": "<feature name=\"Whitelist\"><param name=\"android-package\" value=\"org.apache.cordova.whitelist.WhitelistPlugin\" /><param name=\"onload\" value=\"true\" /></feature>",
                            "count": 1
                        },
                        {
                            "xml": "<feature name=\"Device\"><param name=\"android-package\" value=\"org.apache.cordova.device.Device\" /></feature>",
                            "count": 1
                        },
                        {
                            "xml": "<feature name=\"SplashScreen\"><param name=\"android-package\" value=\"org.apache.cordova.splashscreen.SplashScreen\" /><param name=\"onload\" value=\"true\" /></feature>",
                            "count": 1
                        },
                        {
                            "xml": "<feature name=\"Base64\"><param name=\"android-package\" value=\"com.badrit.Base64.Base64Plugin\" /></feature>",
                            "count": 1
                        },
                        {
                            "xml": "<feature name=\"ImagePicker\"><param name=\"android-package\" value=\"com.synconset.ImagePicker\" /></feature>",
                            "count": 1
                        }
                    ]
                }
            },
            "config.xml": {
                "parents": {
                    "/*": [
                        {
                            "xml": "<feature name=\"Keyboard\"><param name=\"android-package\" onload=\"true\" value=\"io.ionic.keyboard.IonicKeyboard\" /></feature>",
                            "count": 1
                        }
                    ]
                }
            },
            "AndroidManifest.xml": {
                "parents": {
                    "/manifest/application": [
                        {
                            "xml": "<activity android:label=\"@string/multi_app_name\" android:name=\"com.synconset.MultiImageChooserActivity\" android:theme=\"@style/Theme.AppCompat.Light\"></activity>",
                            "count": 1
                        }
                    ],
                    "/manifest": [
                        {
                            "xml": "<uses-permission android:name=\"android.permission.WRITE_EXTERNAL_STORAGE\" />",
                            "count": 1
                        }
                    ]
                }
            }
        }
    },
    "installed_plugins": {
        "cordova-plugin-whitelist": {
            "PACKAGE_NAME": "io.ionic.starter"
        },
        "cordova-plugin-device": {
            "PACKAGE_NAME": "io.ionic.starter"
        },
        "cordova-plugin-splashscreen": {
            "PACKAGE_NAME": "io.ionic.starter"
        },
        "cordova-plugin-ionic-keyboard": {
            "PACKAGE_NAME": "io.ionic.starter"
        },
        "com-badrit-base64": {
            "PACKAGE_NAME": "io.ionic.starter"
        },
        "cordova-plugin-telerik-imagepicker": {
            "PACKAGE_NAME": "io.ionic.starter"
        }
    },
    "dependent_plugins": {},
    "modules": [
        {
            "id": "cordova-plugin-device.device",
            "file": "plugins/cordova-plugin-device/www/device.js",
            "pluginId": "cordova-plugin-device",
            "clobbers": [
                "device"
            ]
        },
        {
            "id": "cordova-plugin-splashscreen.SplashScreen",
            "file": "plugins/cordova-plugin-splashscreen/www/splashscreen.js",
            "pluginId": "cordova-plugin-splashscreen",
            "clobbers": [
                "navigator.splashscreen"
            ]
        },
        {
            "id": "cordova-plugin-ionic-keyboard.keyboard",
            "file": "plugins/cordova-plugin-ionic-keyboard/www/android/keyboard.js",
            "pluginId": "cordova-plugin-ionic-keyboard",
            "clobbers": [
                "window.Keyboard"
            ]
        },
        {
            "id": "com-badrit-base64.Base64",
            "file": "plugins/com-badrit-base64/www/Base64.js",
            "pluginId": "com-badrit-base64",
            "clobbers": [
                "navigator.Base64"
            ]
        },
        {
            "id": "cordova-plugin-telerik-imagepicker.ImagePicker",
            "file": "plugins/cordova-plugin-telerik-imagepicker/www/imagepicker.js",
            "pluginId": "cordova-plugin-telerik-imagepicker",
            "clobbers": [
                "plugins.imagePicker"
            ]
        }
    ],
    "plugin_metadata": {
        "cordova-plugin-whitelist": "1.3.3",
        "cordova-plugin-device": "2.0.2",
        "cordova-plugin-splashscreen": "5.0.2",
        "cordova-plugin-ionic-keyboard": "2.1.2",
        "com-badrit-base64": "0.2.0",
        "cordova-plugin-telerik-imagepicker": "2.2.3"
    }
}